index,timestamp,name,uid,amount,message
1,2023-05-02 12:49:25,contr4l_,2893026,1,
2,2023-05-02 20:33:45,wumoser,2807246,1,
3,2023-05-05 19:45:39,Sanqing,2893476,5,April xan
4,2023-05-05 20:46:07,GoodLuck,2356929,10,Officer Wage
5,2023-05-05 21:32:14,Zemin,2880987,4,odx
6,2023-05-05 21:58:30,xingchen,2917721,4,odx
7,2023-05-05 22:04:05,Senzovski,2890633,4,odx
8,2023-05-05 22:17:46,Kaslana,2410531,2,ody
9,2023-05-05 22:38:03,big_yuan,2678991,2,ody
10,2023-05-05 22:42:28,BianTomb,2697716,1,
11,2023-05-05 22:45:54,yakamoze,2783643,2,ody
12,2023-05-05 22:58:46,Greatwater,2686977,2,ody
13,2023-05-05 23:30:54,Linxu,2756414,2,ody
14,2023-05-05 23:42:27,catenary,2694927,2,ody
15,2023-05-05 23:52:25,SevenMk,2786678,2,ody
16,2023-05-05 23:57:13,scp294,2823602,2,ody
17,2023-05-06 00:28:32,YeWong,2845157,2,ody
18,2023-05-06 03:19:46,ATHENA-X,2771616,2,ofy
19,2023-05-06 16:02:24,Biergarten,2703693,1,ody
20,2023-05-06 16:03:45,Biergarten,2703693,1,ody
21,2023-05-06 20:40:44,murray_luo,2876307,2,ody
22,2023-05-06 21:26:24,Vulpes,2874322,2,ody
23,2023-05-06 22:47:33,Amakawa,2887623,2,ody
24,2023-05-06 22:58:24,chosm,2910819,4,odx
25,2023-05-06 23:15:47,Siuyu,2900624,4,odx
26,2023-05-06 23:22:17,fourwood,2915509,4,odx
27,2023-05-07 03:10:29,z1a4q7,2774191,2,ody
28,2023-05-07 10:18:49,MMoonBird,2810511,2,ody
29,2023-05-07 12:22:13,Stanlty998,2653399,2,ody
30,2023-05-07 12:56:31,Koike,2910635,4,join odinsurance
31,2023-05-07 12:57:17,evan1321,2893242,4,odx
32,2023-05-07 13:33:26,Gamblingmonster,2693179,2,
33,2023-05-07 15:01:23,oreoknight,2770462,1,test
34,2023-05-07 15:03:08,Wendyuan,2893457,4,join odinsurance